{"cameraMode":{"drawMode":0,"name":"Shaded","section":"Shading Mode"},"sceneLighting":false,"audioPlay":false,"sceneViewState":{"m_AlwaysRefresh":false,"showFog":true,"showSkybox":false,"showFlares":true,"showImageEffects":true,"showParticleSystems":true,"showVisualEffectGraphs":true,"m_FxEnabled":true},"in2DMode":false,"pivot":{"x":0.08258986473083496,"y":-0.17258232831954957,"z":0.9462578296661377},"rotation":{"x":0.07502734661102295,"y":-0.8466565608978272,"z":0.1240653470158577,"w":0.5120081901550293},"size":1.7660253047943116,"orthographic":false}