{"cameraMode":{"drawMode":0,"name":"Shaded","section":"Shading Mode"},"sceneLighting":false,"audioPlay":false,"sceneViewState":{"m_AlwaysRefresh":false,"showFog":true,"showSkybox":false,"showFlares":true,"showImageEffects":true,"showParticleSystems":true,"showVisualEffectGraphs":true,"m_FxEnabled":true},"in2DMode":false,"pivot":{"x":0.6234761476516724,"y":6.657708168029785,"z":0.2539885342121124},"rotation":{"x":0.07157628983259201,"y":0.5097832679748535,"z":-0.042614780366420749,"w":0.8562641739845276},"size":5.368463039398193,"orthographic":false}